author,reuse ratio
Hume,0.05300995015172122
Rapin,0.16340782832298048
Carte,0.04647369486284543
Guthrie,0.21793814283127488
